rm00001;reloj mujer moda;reloj mujer analógico con correa de silicona, caja de acero inox,esfera negra y plata, diámetro 4cm.;Relojes Analogicos;Mujer;Cacharel;23.00;3.33;no;no;0;no;Pila nueva. Garantia 2 años.;es
rm00002;reloj mujer moda;reloj mujer analógico con correa de silicona, caja de acero inox, esfera blanca y plata, diámetro 4cm.;Relojes Digitales;Mujer;Rolex;10.00;1.00;no;no;0;no;Pila nueva. Garantia 2 años.;es
rm00003;reloj mujer moda;reloj mujer analógico con correa de silicona, caja de acero inox, esfera negra y plata, diámetro 4cm.;Relojes Digitales;Mujer;Importacion;10.00;1.00;no;no;0;no;Pila nueva. Garantia 2 años.;es
rm00004;reloj mujer moda;reloj mujer analógico con correa de silicona, caja de acero inox, esfera blanca y plata, diámetro 4,5 cm.;Relojes Digitales;Mujer;Importacion;1000.00;10.00;no;no;0;no;Pila nueva. Garantia 2 años.;es
rm00005;reloj mujer moda;reloj mujer analógico con correa de silicona, caja de acero inox, esfera rosa, negra y plata, diámetro 4,5 cm.;Relojes Digitales;Mujer;Importacion;10.00;10.00;no;no;0;no;Pila nueva. Garantia 2 años.;es
rm00006;reloj mujer moda;reloj mujer analógico con correa de silicona, caja de acero inox, esfera negra y plata, diámetro 4cm.;Relojes Digitales;Mujer;Importacion;10.00;10.00;no;no;0;no;Pila nueva. Garantia 2 años.;es
rm00007;reloj mujer moda;reloj mujer analógico con correa de silicona, caja de acero inox, esfera rosa, negra y plata, diámetro 4 cm, números en cristal de swarosky.;Relojes Digitales;Mujer;Importacion;10.00;10.00;no;no;0;no;Pila nueva. Garantia 2 años.;es
rm00008;reloj mujer moda;reloj mujer analógico con correa de silicona, caja de acero inox, esfera blanca y plata, diámetro 4cm, interior con 5 cristales swarosky.;Relojes Digitales;Mujer;Importacion;10.00;10.00;no;no;0;no;Pila nueva. Garantia 2 años.;es
rm00009;reloj mujer moda;reloj mujer analógico con correa de silicona, caja de acero inox, esfera blanca y oro, diámetro 4 cm.;Relojes Digitales;Mujer;Importacion;10.00;10.00;no;no;0;no;Pila nueva. Garantia 2 años.;es
rm00010;reloj mujer moda;reloj mujer analógico con correa de silicona, caja de acero inox, esfera rosa, negra y plata, diámetro 4 cm.;Relojes Digitales;Mujer;Importacion;10.00;10.00;no;no;0;no;Pila nueva. Garantia 2 años.;es
rm00011;reloj mujer moda;reloj mujer analógico con correa de silicona, caja de acero inox,  esfera plata y morado diámetro 4 cm.;Relojes Digitales;Mujer;Importacion;10.00;10.00;no;no;0;no;Pila nueva. Garantia 2 años.;es
rm00012;reloj mujer moda;reloj mujer analógico con correa de silicona, caja de acero inox,  esfera plata y rojo, diámetro 4 cm.;Relojes Digitales;Mujer;Importacion;10.00;10.00;no;no;0;no;Pila nueva. Garantia 2 años.;es
rm00013;reloj mujer moda;reloj mujer analógico con correa de silicona, caja de acero inox,  esfera blanca y azul claro, diámetro 4 cm.;Relojes Digitales;Mujer;Importacion;10.00;10.00;no;no;0;no;Pila nueva. Garantia 2 años.;es
rm00014;reloj mujer moda;reloj mujer analógico con correa de silicona, caja de acero inox,  esfera blanca plata, con cristales swarosky alrrededor,  diámetro 4 cm.;Relojes Digitales;Mujer;Importacion;10.00;10.00;no;no;0;no;Pila nueva. Garantia 2 años.;es
rm00015;reloj mujer colección ;reloj mujer analógico con correa de metal y silicona, caja de acero inox,  esfera color caramelo con cristales swarosky, ,  diámetro 4 cm.;Relojes Digitales;Mujer;Importacion;10.00;10.00;no;no;0;no;Pila nueva. Garantia 2 años.;es
rm00016;reloj mujer colección ;reloj mujer analógico con correa de silicona, caja de acero inox, esfera rojo y plata, diámetro 4cm, cristales de swarosky en esfera y caja.;Relojes Digitales;Mujer;Importacion;10.00;10.00;no;no;0;no;Pila nueva. Garantia 2 años.;es
rm00017;reloj mujer colección ;reloj mujer analógico con correa ajustable de metal y ABS , caja de acero inox, esfera dorada y oro diámetro 380mm, ;Relojes Digitales;Mujer;Importacion;10.00;10.00;no;no;0;no;Pila nueva. Garantia 2 años.;es
rm00018;reloj mujer colección ;reloj mujer analógico con correa ajustable de metal y ABS , caja de acero inox, esfera dorada y oro diámetro  4 cm, ;Relojes Digitales;Mujer;Importacion;10.00;10.00;no;no;0;no;Pila nueva. Garantia 2 años.;es
rm00019;reloj mujer colección ;reloj mujer analógico con correa de silicona, caja de acero inox,  esfera negro y  plata, con cristales swarosky alrrededor de la esfera, diámetro 4 cm.;Relojes Digitales;Mujer;Importacion;10.00;10.00;no;no;0;no;Pila nueva. Garantia 2 años.;es
rm00020;reloj mujer colección ;reloj mujer analógico con correa de silicona, caja de acero inox,  esfera azul  y  plata, con cristales swarosky alrrededor de la esfera, diámetro 4 cm.;Relojes Digitales;Mujer;Importacion;10.00;10.00;no;no;0;no;Pila nueva. Garantia 2 años.;es
rm00021;reloj mujer colección ;reloj mujer analógico con correa ajustable de metal y ABS , caja en ABS , esfera dorada y oro diámetro   380mm;Relojes Digitales;Mujer;Importacion;10.00;10.00;no;no;0;no;Pila nueva. Garantia 2 años.;es
rm00022;reloj mujer colección ;reloj mujer analógico con correa ajustable de metal, caja de acero inox, esfera y correa dorada diámetro 5 cm. ;Relojes Digitales;Mujer;Importacion;10.00;10.00;no;no;0;no;Pila nueva. Garantia 2 años.;es
rm00023;reloj mujer colección ;reloj mujer analógico con correa de silicona, caja de acero inox,  esfera negra y plata, diámetro 4 cm.;Relojes Digitales;Mujer;Importacion;10.00;10.00;no;no;0;no;Pila nueva. Garantia 2 años.;es
rm00024;reloj mujer colección ;reloj mujer analógico con correa de silicona, caja de acero inox,esfera negra y blanca, diámetro 4cm.;Relojes Digitales;Mujer;Importacion;10.00;10.00;no;no;0;no;Pila nueva. Garantia 2 años.;es
rm00025;reloj mujer colección ;reloj mujer analógico con correa de silicona, caja de acero inox,  esfera azul  y  plata, con cristales swarosky alrrededor de la esfera, diámetro 380mm.;Relojes Digitales;Mujer;Importacion;10.00;10.00;no;no;0;no;Pila nueva. Garantia 2 años.;es
rm00026;reloj mujer colección ;reloj mujer analógico con correa ajustable, caja y correa de acero, cristales swarosky alrrededor de la esfera, diámetro 350mm.;Relojes Digitales;Mujer;Importacion;10.00;10.00;no;no;0;no;Pila nueva. Garantia 2 años.;es
rm00027;reloj mujer colección ;reloj mujer analógico con correa de silicona, caja de acero inox,esfera negra y blanca, diámetro 4cm.;Relojes Digitales;Mujer;Importacion;10.00;10.00;no;no;0;no;Pila nueva. Garantia 2 años.;es
rm00028;reloj mujer colección ;reloj mujer analógico con correa de silicona, caja de acero inox,esfera negra y plata, diámetro 380mm.;Relojes Digitales;Mujer;Importacion;10.00;10.00;no;no;0;no;Pila nueva. Garantia 2 años.;es
rh00029;reloj hombre moda;reloj hombre analógico con correa de caucho, caja de acero inox, esfera blanca, amarilla y negra, diámetro 4,5 cm.;Relojes Digitales;Hombre;Importacion;10.00;10.00;no;no;0;no;Pila nueva. Garantia 2 años.;es
rh00030;reloj hombre moda;reloj hombre analógico con correa de caucho, caja de acero inox, esfera naranja y plata,  diámetro 4,5 cm.;Relojes Digitales;Hombre;Importacion;10.00;10.00;no;no;0;no;Pila nueva. Garantia 2 años.;es
rh00031;reloj hombre moda;reloj hombre analógico con correa de silicona, caja de acero inox, esfera amatilla, negra  y plata,  diámetro 420mm;Relojes Digitales;Hombre;Importacion;10.00;10.00;no;no;0;no;Pila nueva. Garantia 2 años.;es
rh00032;reloj hombre moda;reloj hombre analógico con correa de caucho, caja de acero inox, esfera plata, amarilla y negra, diámetro 4,5 cm.;Relojes Digitales;Hombre;Importacion;10.00;10.00;no;no;0;no;Pila nueva. Garantia 2 años.;es
rh00033;reloj hombre moda;reloj hombre analógico con correa de caucho, caja de acero inox, esfera roja, negra  y plata,  diámetro 4,5 cm.;Relojes Digitales;Hombre;Importacion;10.00;10.00;no;no;0;no;Pila nueva. Garantia 2 años.;es
rh00034;reloj hombre moda;reloj hombre analógico con correa de caucho, caja de acero inox, esfera azul, negra  y plata,  diámetro 4,5 cm.;Relojes Digitales;Hombre;Importacion;10.00;10.00;no;no;0;no;Pila nueva. Garantia 2 años.;es
rh00035;reloj hombre moda;reloj hombre analógico con correa de caucho, caja de acero inox, esfera gris, negra  y plata,  diámetro 4,5 cm.;Relojes Digitales;Hombre;Importacion;10.00;10.00;no;no;0;no;Pila nueva. Garantia 2 años.;es
rh00036;reloj hombre moda;reloj hombre analógico con correa de caucho, caja de acero inox, esfera negray blanca,  diámetro 4,5 cm.;Relojes Digitales;Hombre;Importacion;10.00;10.00;no;no;0;no;Pila nueva. Garantia 2 años.;es
rh00037;reloj hombre moda;reloj hombre analógico, todo en acero inox revestido, ajustable, esfera negra y naranja, diámetro 4cm.;Relojes Digitales;Hombre;Importacion;10.00;10.00;no;no;0;no;Pila nueva. Garantia 2 años.;es
rh00038;reloj hombre moda;reloj hombre analógico, todo en acero inox revestido, ajustable, esfera negra y azul, diámetro 4cm.;Relojes Digitales;Hombre;Importacion;10.00;10.00;no;no;0;no;Pila nueva. Garantia 2 años.;es
rh00039;reloj hombre moda;reloj hombre analógico con correa de caucho, caja de acero inox, esfera marrón chocolate, blanca  y plata,  diámetro 4,5 cm.;Relojes Digitales;Hombre;Importacion;10.00;10.00;no;no;0;no;Pila nueva. Garantia 2 años.;es
rh00040;reloj hombre moda;reloj hombre analógico con correa de caucho, caja de acero inox, esfera blanca, plata y chocolate, diámetro 4,5 cm.;Relojes Digitales;Hombre;Importacion;10.00;10.00;no;no;0;no;Pila nueva. Garantia 2 años.;es
rh00041;reloj hombre moda;reloj hombre analógico con correa ajustable, caja y correa de acero, cristales swarosky alrrededor de la esfera, diámetro 4,5 cm.;Relojes Digitales;Hombre;Importacion;10.00;10.00;no;no;0;no;Pila nueva. Garantia 2 años.;es
p00042;reloj hombre moda;reloj hombre analógico con correa de caucho, caja de acero inox, esfera blanca y negra, diámetro 4,5 cm.;Relojes Digitales;Hombre;Importacion;10.00;10.00;no;no;0;no;Pila nueva. Garantia 2 años.;es
p00043;bisuteria pulseras;pulsera multicolor ajustable terminación cordón, mas colores y modelos disponibles.;Pulseras;Mujer;Importacion;10.00;10.00;no;no;0;no;Pila nueva. Garantia 2 años.;es
p00044;bisuteria pulseras;brazalete metal plateado, mas colores y diseños disponibles.;Pulseras;Mujer;Importacion;10.00;10.00;no;no;0;no;Pila nueva. Garantia 2 años.;es
p00045;bisuteria pulseras;brazalete metal dorado, mas colores y diseños disponibles.;Pulseras;Mujer;Importacion;10.00;10.00;no;no;0;no;Pila nueva. Garantia 2 años.;es
p00046;bisuteria pulseras;brazalete metal plateado, mas colores y diseños disponibles.;Pulseras;Mujer;Importacion;10.00;10.00;no;no;0;no;Pila nueva. Garantia 2 años.;es
p00047;bisuteria pulseras;brazalete metal plateado, mas colores y diseños disponibles.;Pulseras;Mujer;Importacion;10.00;10.00;no;no;0;no;Pila nueva. Garantia 2 años.;es
p00048;bisuteria pulseras;brazalete metal plateado, mas colores y diseños disponibles.;Pulseras;Mujer;Importacion;10.00;10.00;no;no;0;no;Pila nueva. Garantia 2 años.;es
p00049;bisuteria pulseras;brazalete metal dorado, mas colores y diseños disponibles.;Pulseras;Mujer;Importacion;10.00;10.00;no;no;0;no;Pila nueva. Garantia 2 años.;es
p00050;bisuteria pulseras;brazalete metal oro, plata y gris, mas colores y diseños disponibles.;Pulseras;Mujer;Importacion;10.00;10.00;no;no;0;no;Pila nueva. Garantia 2 años.;es
p00051;bisuteria pulseras;brazalete rosa lila, mas colores y diseños disponibles.;Pulseras;Mujer;Importacion;10.00;10.00;no;no;0;no;Pila nueva. Garantia 2 años.;es
p00052;bisuteria pulseras;pulsera metal dorado  ajustable terminación cordón, mas colores y diseños disponibles.;Pulseras;Mujer;Importacion;10.00;10.00;no;no;0;no;Pila nueva. Garantia 2 años.;es
p00053;bisuteria pulseras;pulsera metal dorado  ajustable terminación cordón, mas colores y diseños disponibles.;Pulseras;Mujer;Importacion;10.00;10.00;no;no;0;no;Pila nueva. Garantia 2 años.;es
p00054;bisuteria pulseras;pulsera set metal rígida, mas colores y modelos disponibles.;Pulseras;Mujer;Importacion;10.00;10.00;no;no;0;no;Pila nueva. Garantia 2 años.;es
p00055;bisuteria pulseras;pulsera set metal rígida, mas colores y modelos disponibles.;Pulseras;Mujer;Importacion;10.00;10.00;no;no;0;no;Pila nueva. Garantia 2 años.;es
p00056;bisuteria pulseras;pulsera set metal rígida, mas colores y modelos disponibles.;Pulseras;Mujer;Importacion;10.00;10.00;no;no;0;no;Pila nueva. Garantia 2 años.;es
p00057;bisuteria pulseras;pulsera metal rígida, mas colores y modelos disponibles.;Pulseras;Mujer;Importacion;10.00;10.00;no;no;0;no;Pila nueva. Garantia 2 años.;es
p00058;bisuteria pulseras;pulsera resina y metal multicolor, mas colores y modelos disponibles.;Pulseras;Mujer;Importacion;10.00;10.00;no;no;0;no;Pila nueva. Garantia 2 años.;es
p00059;bisuteria pulseras;brazalete espiral multicolor, mas colores y modelos disponibles.;Pulseras;Mujer;Importacion;10.00;10.00;no;no;0;no;Pila nueva. Garantia 2 años.;es
p00060;bisuteria pulseras;pulsera resina y metal rígida. Mas colores y modelos disponibles.;Pulseras;Mujer;Importacion;10.00;10.00;no;no;0;no;Pila nueva. Garantia 2 años.;es
p00061;bisuteria pulseras;pulsera resina y metal rígida, mas colores y modelos disponibles.;Pulseras;Mujer;Importacion;10.00;10.00;no;no;0;no;Pila nueva. Garantia 2 años.;es
p00062;bisuteria pulseras;pulsera esmalte y metal rígida, mas colores y modelos ;Pulseras;Mujer;Importacion;10.00;10.00;no;no;0;no;Pila nueva. Garantia 2 años.;es
p00063;bisuteria pulseras;pulsera esmalte y metal rígida, mas colores y modelos ;Pulseras;Mujer;Importacion;10.00;10.00;no;no;0;no;Pila nueva. Garantia 2 años.;es
p00064;bisuteria pulseras;pulsera multicolor elástica, mas colores y modelos;Pulseras;Mujer;Importacion;10.00;10.00;no;no;0;no;Pila nueva. Garantia 2 años.;es
p00065;bisuteria pulseras;pulsera  espiral metal dorado, mas colores y diseños disponibles.;Pulseras;Mujer;Importacion;10.00;10.00;no;no;0;no;Pila nueva. Garantia 2 años.;es
p00066;bisuteria pulseras;pulsera  espiral madera y metal dorado, mas colores y diseños disponibles.;Pulseras;Mujer;Importacion;10.00;10.00;no;no;0;no;Pila nueva. Garantia 2 años.;es
p00067;bisuteria pulseras;pulsera  espiral madera y metal dorado, mas colores y diseños disponibles.;Pulseras;Mujer;Importacion;10.00;10.00;no;no;0;no;Pila nueva. Garantia 2 años.;es
p00068;bisuteria pulseras;pulsera hindu bolitas y conchas, mas colores y modelos disponibles.;Pulseras;Mujer;Importacion;10.00;10.00;no;no;0;no;Pila nueva. Garantia 2 años.;es
p00069;bisuteria pulseras;pulsera elástica de metal y cristal, mas colores y  modelos disponibles.;Pulseras;Mujer;Importacion;10.00;10.00;no;no;0;no;Pila nueva. Garantia 2 años.;es
p00070;bisuteria pulseras;pulsera espiral metal dorado y multicolor, mas colores y modelos disponibles.;Packaging;Todos;Importacion;10.00;10.00;no;no;0;no;Pila nueva. Garantia 2 años.;es
